line_number	record	input_chain	output_chain	residue_number	insertion_code	position	family	base	input_residue	output_residue	input_atom	output_atom
1	ATOM		A	1		first	rna	G	G5	RG5	HO5'	HO5'
2	ATOM		A	1		first	rna	G	G5	RG5	O5'	O5'
3	ATOM		A	1		first	rna	G	G5	RG5	C5'	C5'
4	ATOM		A	1		first	rna	G	G5	RG5	H5'	H5'
5	ATOM		A	1		first	rna	G	G5	RG5	H5''	H5''
6	ATOM		A	1		first	rna	G	G5	RG5	C4'	C4'
7	ATOM		A	1		first	rna	G	G5	RG5	H4'	H4'
8	ATOM		A	1		first	rna	G	G5	RG5	O4'	O4'
9	ATOM		A	1		first	rna	G	G5	RG5	C1'	C1'
10	ATOM		A	1		first	rna	G	G5	RG5	H1'	H1'
11	ATOM		A	1		first	rna	G	G5	RG5	N9	N9
12	ATOM		A	1		first	rna	G	G5	RG5	C8	C8
13	ATOM		A	1		first	rna	G	G5	RG5	H8	H8
14	ATOM		A	1		first	rna	G	G5	RG5	N7	N7
15	ATOM		A	1		first	rna	G	G5	RG5	C5	C5
16	ATOM		A	1		first	rna	G	G5	RG5	C6	C6
17	ATOM		A	1		first	rna	G	G5	RG5	O6	O6
18	ATOM		A	1		first	rna	G	G5	RG5	N1	N1
19	ATOM		A	1		first	rna	G	G5	RG5	H1	H1
20	ATOM		A	1		first	rna	G	G5	RG5	C2	C2
21	ATOM		A	1		first	rna	G	G5	RG5	N2	N2
22	ATOM		A	1		first	rna	G	G5	RG5	H21	H21
23	ATOM		A	1		first	rna	G	G5	RG5	H22	H22
24	ATOM		A	1		first	rna	G	G5	RG5	N3	N3
25	ATOM		A	1		first	rna	G	G5	RG5	C4	C4
26	ATOM		A	1		first	rna	G	G5	RG5	C3'	C3'
27	ATOM		A	1		first	rna	G	G5	RG5	H3'	H3'
28	ATOM		A	1		first	rna	G	G5	RG5	C2'	C2'
29	ATOM		A	1		first	rna	G	G5	RG5	H2'	H2''
30	ATOM		A	1		first	rna	G	G5	RG5	O2'	O2'
31	ATOM		A	1		first	rna	G	G5	RG5	HO2'	H2'
32	ATOM		A	1		first	rna	G	G5	RG5	O3'	O3'
33	ATOM		A	2		internal	rna	G	G	RG	P	P
34	ATOM		A	2		internal	rna	G	G	RG	OP1	O1P
35	ATOM		A	2		internal	rna	G	G	RG	OP2	O2P
36	ATOM		A	2		internal	rna	G	G	RG	O5'	O5'
37	ATOM		A	2		internal	rna	G	G	RG	C5'	C5'
38	ATOM		A	2		internal	rna	G	G	RG	H5'	H5'
39	ATOM		A	2		internal	rna	G	G	RG	H5''	H5''
40	ATOM		A	2		internal	rna	G	G	RG	C4'	C4'
41	ATOM		A	2		internal	rna	G	G	RG	H4'	H4'
42	ATOM		A	2		internal	rna	G	G	RG	O4'	O4'
43	ATOM		A	2		internal	rna	G	G	RG	C1'	C1'
44	ATOM		A	2		internal	rna	G	G	RG	H1'	H1'
45	ATOM		A	2		internal	rna	G	G	RG	N9	N9
46	ATOM		A	2		internal	rna	G	G	RG	C8	C8
47	ATOM		A	2		internal	rna	G	G	RG	H8	H8
48	ATOM		A	2		internal	rna	G	G	RG	N7	N7
49	ATOM		A	2		internal	rna	G	G	RG	C5	C5
50	ATOM		A	2		internal	rna	G	G	RG	C6	C6
51	ATOM		A	2		internal	rna	G	G	RG	O6	O6
52	ATOM		A	2		internal	rna	G	G	RG	N1	N1
53	ATOM		A	2		internal	rna	G	G	RG	H1	H1
54	ATOM		A	2		internal	rna	G	G	RG	C2	C2
55	ATOM		A	2		internal	rna	G	G	RG	N2	N2
56	ATOM		A	2		internal	rna	G	G	RG	H21	H21
57	ATOM		A	2		internal	rna	G	G	RG	H22	H22
58	ATOM		A	2		internal	rna	G	G	RG	N3	N3
59	ATOM		A	2		internal	rna	G	G	RG	C4	C4
60	ATOM		A	2		internal	rna	G	G	RG	C3'	C3'
61	ATOM		A	2		internal	rna	G	G	RG	H3'	H3'
62	ATOM		A	2		internal	rna	G	G	RG	C2'	C2'
63	ATOM		A	2		internal	rna	G	G	RG	H2'	H2''
64	ATOM		A	2		internal	rna	G	G	RG	O2'	O2'
65	ATOM		A	2		internal	rna	G	G	RG	HO2'	H2'
66	ATOM		A	2		internal	rna	G	G	RG	O3'	O3'
67	ATOM		A	3		internal	rna	C	C	RC	P	P
68	ATOM		A	3		internal	rna	C	C	RC	OP1	O1P
69	ATOM		A	3		internal	rna	C	C	RC	OP2	O2P
70	ATOM		A	3		internal	rna	C	C	RC	O5'	O5'
71	ATOM		A	3		internal	rna	C	C	RC	C5'	C5'
72	ATOM		A	3		internal	rna	C	C	RC	H5'	H5'
73	ATOM		A	3		internal	rna	C	C	RC	H5''	H5''
74	ATOM		A	3		internal	rna	C	C	RC	C4'	C4'
75	ATOM		A	3		internal	rna	C	C	RC	H4'	H4'
76	ATOM		A	3		internal	rna	C	C	RC	O4'	O4'
77	ATOM		A	3		internal	rna	C	C	RC	C1'	C1'
78	ATOM		A	3		internal	rna	C	C	RC	H1'	H1'
79	ATOM		A	3		internal	rna	C	C	RC	N1	N1
80	ATOM		A	3		internal	rna	C	C	RC	C6	C6
81	ATOM		A	3		internal	rna	C	C	RC	H6	H6
82	ATOM		A	3		internal	rna	C	C	RC	C5	C5
83	ATOM		A	3		internal	rna	C	C	RC	H5	H5
84	ATOM		A	3		internal	rna	C	C	RC	C4	C4
85	ATOM		A	3		internal	rna	C	C	RC	N4	N4
86	ATOM		A	3		internal	rna	C	C	RC	H41	H41
87	ATOM		A	3		internal	rna	C	C	RC	H42	H42
88	ATOM		A	3		internal	rna	C	C	RC	N3	N3
89	ATOM		A	3		internal	rna	C	C	RC	C2	C2
90	ATOM		A	3		internal	rna	C	C	RC	O2	O2
91	ATOM		A	3		internal	rna	C	C	RC	C3'	C3'
92	ATOM		A	3		internal	rna	C	C	RC	H3'	H3'
93	ATOM		A	3		internal	rna	C	C	RC	C2'	C2'
94	ATOM		A	3		internal	rna	C	C	RC	H2'	H2''
95	ATOM		A	3		internal	rna	C	C	RC	O2'	O2'
96	ATOM		A	3		internal	rna	C	C	RC	HO2'	H2'
97	ATOM		A	3		internal	rna	C	C	RC	O3'	O3'
98	ATOM		A	4		internal	rna	A	A	RA	P	P
99	ATOM		A	4		internal	rna	A	A	RA	OP1	O1P
100	ATOM		A	4		internal	rna	A	A	RA	OP2	O2P
101	ATOM		A	4		internal	rna	A	A	RA	O5'	O5'
102	ATOM		A	4		internal	rna	A	A	RA	C5'	C5'
103	ATOM		A	4		internal	rna	A	A	RA	H5'	H5'
104	ATOM		A	4		internal	rna	A	A	RA	H5''	H5''
105	ATOM		A	4		internal	rna	A	A	RA	C4'	C4'
106	ATOM		A	4		internal	rna	A	A	RA	H4'	H4'
107	ATOM		A	4		internal	rna	A	A	RA	O4'	O4'
108	ATOM		A	4		internal	rna	A	A	RA	C1'	C1'
109	ATOM		A	4		internal	rna	A	A	RA	H1'	H1'
110	ATOM		A	4		internal	rna	A	A	RA	N9	N9
111	ATOM		A	4		internal	rna	A	A	RA	C8	C8
112	ATOM		A	4		internal	rna	A	A	RA	H8	H8
113	ATOM		A	4		internal	rna	A	A	RA	N7	N7
114	ATOM		A	4		internal	rna	A	A	RA	C5	C5
115	ATOM		A	4		internal	rna	A	A	RA	C6	C6
116	ATOM		A	4		internal	rna	A	A	RA	N6	N6
117	ATOM		A	4		internal	rna	A	A	RA	H61	H61
118	ATOM		A	4		internal	rna	A	A	RA	H62	H62
119	ATOM		A	4		internal	rna	A	A	RA	N1	N1
120	ATOM		A	4		internal	rna	A	A	RA	C2	C2
121	ATOM		A	4		internal	rna	A	A	RA	H2	H2
122	ATOM		A	4		internal	rna	A	A	RA	N3	N3
123	ATOM		A	4		internal	rna	A	A	RA	C4	C4
124	ATOM		A	4		internal	rna	A	A	RA	C3'	C3'
125	ATOM		A	4		internal	rna	A	A	RA	H3'	H3'
126	ATOM		A	4		internal	rna	A	A	RA	C2'	C2'
127	ATOM		A	4		internal	rna	A	A	RA	H2'	H2''
128	ATOM		A	4		internal	rna	A	A	RA	O2'	O2'
129	ATOM		A	4		internal	rna	A	A	RA	HO2'	H2'
130	ATOM		A	4		internal	rna	A	A	RA	O3'	O3'
131	ATOM		A	5		internal	rna	C	C	RC	P	P
132	ATOM		A	5		internal	rna	C	C	RC	OP1	O1P
133	ATOM		A	5		internal	rna	C	C	RC	OP2	O2P
134	ATOM		A	5		internal	rna	C	C	RC	O5'	O5'
135	ATOM		A	5		internal	rna	C	C	RC	C5'	C5'
136	ATOM		A	5		internal	rna	C	C	RC	H5'	H5'
137	ATOM		A	5		internal	rna	C	C	RC	H5''	H5''
138	ATOM		A	5		internal	rna	C	C	RC	C4'	C4'
139	ATOM		A	5		internal	rna	C	C	RC	H4'	H4'
140	ATOM		A	5		internal	rna	C	C	RC	O4'	O4'
141	ATOM		A	5		internal	rna	C	C	RC	C1'	C1'
142	ATOM		A	5		internal	rna	C	C	RC	H1'	H1'
143	ATOM		A	5		internal	rna	C	C	RC	N1	N1
144	ATOM		A	5		internal	rna	C	C	RC	C6	C6
145	ATOM		A	5		internal	rna	C	C	RC	H6	H6
146	ATOM		A	5		internal	rna	C	C	RC	C5	C5
147	ATOM		A	5		internal	rna	C	C	RC	H5	H5
148	ATOM		A	5		internal	rna	C	C	RC	C4	C4
149	ATOM		A	5		internal	rna	C	C	RC	N4	N4
150	ATOM		A	5		internal	rna	C	C	RC	H41	H41
151	ATOM		A	5		internal	rna	C	C	RC	H42	H42
152	ATOM		A	5		internal	rna	C	C	RC	N3	N3
153	ATOM		A	5		internal	rna	C	C	RC	C2	C2
154	ATOM		A	5		internal	rna	C	C	RC	O2	O2
155	ATOM		A	5		internal	rna	C	C	RC	C3'	C3'
156	ATOM		A	5		internal	rna	C	C	RC	H3'	H3'
157	ATOM		A	5		internal	rna	C	C	RC	C2'	C2'
158	ATOM		A	5		internal	rna	C	C	RC	H2'	H2''
159	ATOM		A	5		internal	rna	C	C	RC	O2'	O2'
160	ATOM		A	5		internal	rna	C	C	RC	HO2'	H2'
161	ATOM		A	5		internal	rna	C	C	RC	O3'	O3'
162	ATOM		A	6		internal	rna	U	U	RU	P	P
163	ATOM		A	6		internal	rna	U	U	RU	OP1	O1P
164	ATOM		A	6		internal	rna	U	U	RU	OP2	O2P
165	ATOM		A	6		internal	rna	U	U	RU	O5'	O5'
166	ATOM		A	6		internal	rna	U	U	RU	C5'	C5'
167	ATOM		A	6		internal	rna	U	U	RU	H5'	H5'
168	ATOM		A	6		internal	rna	U	U	RU	H5''	H5''
169	ATOM		A	6		internal	rna	U	U	RU	C4'	C4'
170	ATOM		A	6		internal	rna	U	U	RU	H4'	H4'
171	ATOM		A	6		internal	rna	U	U	RU	O4'	O4'
172	ATOM		A	6		internal	rna	U	U	RU	C1'	C1'
173	ATOM		A	6		internal	rna	U	U	RU	H1'	H1'
174	ATOM		A	6		internal	rna	U	U	RU	N1	N1
175	ATOM		A	6		internal	rna	U	U	RU	C6	C6
176	ATOM		A	6		internal	rna	U	U	RU	H6	H6
177	ATOM		A	6		internal	rna	U	U	RU	C5	C5
178	ATOM		A	6		internal	rna	U	U	RU	H5	H5
179	ATOM		A	6		internal	rna	U	U	RU	C4	C4
180	ATOM		A	6		internal	rna	U	U	RU	O4	O4
181	ATOM		A	6		internal	rna	U	U	RU	N3	N3
182	ATOM		A	6		internal	rna	U	U	RU	H3	H3
183	ATOM		A	6		internal	rna	U	U	RU	C2	C2
184	ATOM		A	6		internal	rna	U	U	RU	O2	O2
185	ATOM		A	6		internal	rna	U	U	RU	C3'	C3'
186	ATOM		A	6		internal	rna	U	U	RU	H3'	H3'
187	ATOM		A	6		internal	rna	U	U	RU	C2'	C2'
188	ATOM		A	6		internal	rna	U	U	RU	H2'	H2''
189	ATOM		A	6		internal	rna	U	U	RU	O2'	O2'
190	ATOM		A	6		internal	rna	U	U	RU	HO2'	H2'
191	ATOM		A	6		internal	rna	U	U	RU	O3'	O3'
192	ATOM		A	7		internal	rna	U	U	RU	P	P
193	ATOM		A	7		internal	rna	U	U	RU	OP1	O1P
194	ATOM		A	7		internal	rna	U	U	RU	OP2	O2P
195	ATOM		A	7		internal	rna	U	U	RU	O5'	O5'
196	ATOM		A	7		internal	rna	U	U	RU	C5'	C5'
197	ATOM		A	7		internal	rna	U	U	RU	H5'	H5'
198	ATOM		A	7		internal	rna	U	U	RU	H5''	H5''
199	ATOM		A	7		internal	rna	U	U	RU	C4'	C4'
200	ATOM		A	7		internal	rna	U	U	RU	H4'	H4'
201	ATOM		A	7		internal	rna	U	U	RU	O4'	O4'
202	ATOM		A	7		internal	rna	U	U	RU	C1'	C1'
203	ATOM		A	7		internal	rna	U	U	RU	H1'	H1'
204	ATOM		A	7		internal	rna	U	U	RU	N1	N1
205	ATOM		A	7		internal	rna	U	U	RU	C6	C6
206	ATOM		A	7		internal	rna	U	U	RU	H6	H6
207	ATOM		A	7		internal	rna	U	U	RU	C5	C5
208	ATOM		A	7		internal	rna	U	U	RU	H5	H5
209	ATOM		A	7		internal	rna	U	U	RU	C4	C4
210	ATOM		A	7		internal	rna	U	U	RU	O4	O4
211	ATOM		A	7		internal	rna	U	U	RU	N3	N3
212	ATOM		A	7		internal	rna	U	U	RU	H3	H3
213	ATOM		A	7		internal	rna	U	U	RU	C2	C2
214	ATOM		A	7		internal	rna	U	U	RU	O2	O2
215	ATOM		A	7		internal	rna	U	U	RU	C3'	C3'
216	ATOM		A	7		internal	rna	U	U	RU	H3'	H3'
217	ATOM		A	7		internal	rna	U	U	RU	C2'	C2'
218	ATOM		A	7		internal	rna	U	U	RU	H2'	H2''
219	ATOM		A	7		internal	rna	U	U	RU	O2'	O2'
220	ATOM		A	7		internal	rna	U	U	RU	HO2'	H2'
221	ATOM		A	7		internal	rna	U	U	RU	O3'	O3'
222	ATOM		A	8		internal	rna	C	C	RC	P	P
223	ATOM		A	8		internal	rna	C	C	RC	OP1	O1P
224	ATOM		A	8		internal	rna	C	C	RC	OP2	O2P
225	ATOM		A	8		internal	rna	C	C	RC	O5'	O5'
226	ATOM		A	8		internal	rna	C	C	RC	C5'	C5'
227	ATOM		A	8		internal	rna	C	C	RC	H5'	H5'
228	ATOM		A	8		internal	rna	C	C	RC	H5''	H5''
229	ATOM		A	8		internal	rna	C	C	RC	C4'	C4'
230	ATOM		A	8		internal	rna	C	C	RC	H4'	H4'
231	ATOM		A	8		internal	rna	C	C	RC	O4'	O4'
232	ATOM		A	8		internal	rna	C	C	RC	C1'	C1'
233	ATOM		A	8		internal	rna	C	C	RC	H1'	H1'
234	ATOM		A	8		internal	rna	C	C	RC	N1	N1
235	ATOM		A	8		internal	rna	C	C	RC	C6	C6
236	ATOM		A	8		internal	rna	C	C	RC	H6	H6
237	ATOM		A	8		internal	rna	C	C	RC	C5	C5
238	ATOM		A	8		internal	rna	C	C	RC	H5	H5
239	ATOM		A	8		internal	rna	C	C	RC	C4	C4
240	ATOM		A	8		internal	rna	C	C	RC	N4	N4
241	ATOM		A	8		internal	rna	C	C	RC	H41	H41
242	ATOM		A	8		internal	rna	C	C	RC	H42	H42
243	ATOM		A	8		internal	rna	C	C	RC	N3	N3
244	ATOM		A	8		internal	rna	C	C	RC	C2	C2
245	ATOM		A	8		internal	rna	C	C	RC	O2	O2
246	ATOM		A	8		internal	rna	C	C	RC	C3'	C3'
247	ATOM		A	8		internal	rna	C	C	RC	H3'	H3'
248	ATOM		A	8		internal	rna	C	C	RC	C2'	C2'
249	ATOM		A	8		internal	rna	C	C	RC	H2'	H2''
250	ATOM		A	8		internal	rna	C	C	RC	O2'	O2'
251	ATOM		A	8		internal	rna	C	C	RC	HO2'	H2'
252	ATOM		A	8		internal	rna	C	C	RC	O3'	O3'
253	ATOM		A	9		internal	rna	G	G	RG	P	P
254	ATOM		A	9		internal	rna	G	G	RG	OP1	O1P
255	ATOM		A	9		internal	rna	G	G	RG	OP2	O2P
256	ATOM		A	9		internal	rna	G	G	RG	O5'	O5'
257	ATOM		A	9		internal	rna	G	G	RG	C5'	C5'
258	ATOM		A	9		internal	rna	G	G	RG	H5'	H5'
259	ATOM		A	9		internal	rna	G	G	RG	H5''	H5''
260	ATOM		A	9		internal	rna	G	G	RG	C4'	C4'
261	ATOM		A	9		internal	rna	G	G	RG	H4'	H4'
262	ATOM		A	9		internal	rna	G	G	RG	O4'	O4'
263	ATOM		A	9		internal	rna	G	G	RG	C1'	C1'
264	ATOM		A	9		internal	rna	G	G	RG	H1'	H1'
265	ATOM		A	9		internal	rna	G	G	RG	N9	N9
266	ATOM		A	9		internal	rna	G	G	RG	C8	C8
267	ATOM		A	9		internal	rna	G	G	RG	H8	H8
268	ATOM		A	9		internal	rna	G	G	RG	N7	N7
269	ATOM		A	9		internal	rna	G	G	RG	C5	C5
270	ATOM		A	9		internal	rna	G	G	RG	C6	C6
271	ATOM		A	9		internal	rna	G	G	RG	O6	O6
272	ATOM		A	9		internal	rna	G	G	RG	N1	N1
273	ATOM		A	9		internal	rna	G	G	RG	H1	H1
274	ATOM		A	9		internal	rna	G	G	RG	C2	C2
275	ATOM		A	9		internal	rna	G	G	RG	N2	N2
276	ATOM		A	9		internal	rna	G	G	RG	H21	H21
277	ATOM		A	9		internal	rna	G	G	RG	H22	H22
278	ATOM		A	9		internal	rna	G	G	RG	N3	N3
279	ATOM		A	9		internal	rna	G	G	RG	C4	C4
280	ATOM		A	9		internal	rna	G	G	RG	C3'	C3'
281	ATOM		A	9		internal	rna	G	G	RG	H3'	H3'
282	ATOM		A	9		internal	rna	G	G	RG	C2'	C2'
283	ATOM		A	9		internal	rna	G	G	RG	H2'	H2''
284	ATOM		A	9		internal	rna	G	G	RG	O2'	O2'
285	ATOM		A	9		internal	rna	G	G	RG	HO2'	H2'
286	ATOM		A	9		internal	rna	G	G	RG	O3'	O3'
287	ATOM		A	10		internal	rna	G	G	RG	P	P
288	ATOM		A	10		internal	rna	G	G	RG	OP1	O1P
289	ATOM		A	10		internal	rna	G	G	RG	OP2	O2P
290	ATOM		A	10		internal	rna	G	G	RG	O5'	O5'
291	ATOM		A	10		internal	rna	G	G	RG	C5'	C5'
292	ATOM		A	10		internal	rna	G	G	RG	H5'	H5'
293	ATOM		A	10		internal	rna	G	G	RG	H5''	H5''
294	ATOM		A	10		internal	rna	G	G	RG	C4'	C4'
295	ATOM		A	10		internal	rna	G	G	RG	H4'	H4'
296	ATOM		A	10		internal	rna	G	G	RG	O4'	O4'
297	ATOM		A	10		internal	rna	G	G	RG	C1'	C1'
298	ATOM		A	10		internal	rna	G	G	RG	H1'	H1'
299	ATOM		A	10		internal	rna	G	G	RG	N9	N9
300	ATOM		A	10		internal	rna	G	G	RG	C8	C8
301	ATOM		A	10		internal	rna	G	G	RG	H8	H8
302	ATOM		A	10		internal	rna	G	G	RG	N7	N7
303	ATOM		A	10		internal	rna	G	G	RG	C5	C5
304	ATOM		A	10		internal	rna	G	G	RG	C6	C6
305	ATOM		A	10		internal	rna	G	G	RG	O6	O6
306	ATOM		A	10		internal	rna	G	G	RG	N1	N1
307	ATOM		A	10		internal	rna	G	G	RG	H1	H1
308	ATOM		A	10		internal	rna	G	G	RG	C2	C2
309	ATOM		A	10		internal	rna	G	G	RG	N2	N2
310	ATOM		A	10		internal	rna	G	G	RG	H21	H21
311	ATOM		A	10		internal	rna	G	G	RG	H22	H22
312	ATOM		A	10		internal	rna	G	G	RG	N3	N3
313	ATOM		A	10		internal	rna	G	G	RG	C4	C4
314	ATOM		A	10		internal	rna	G	G	RG	C3'	C3'
315	ATOM		A	10		internal	rna	G	G	RG	H3'	H3'
316	ATOM		A	10		internal	rna	G	G	RG	C2'	C2'
317	ATOM		A	10		internal	rna	G	G	RG	H2'	H2''
318	ATOM		A	10		internal	rna	G	G	RG	O2'	O2'
319	ATOM		A	10		internal	rna	G	G	RG	HO2'	H2'
320	ATOM		A	10		internal	rna	G	G	RG	O3'	O3'
321	ATOM		A	11		internal	rna	U	U	RU	P	P
322	ATOM		A	11		internal	rna	U	U	RU	OP1	O1P
323	ATOM		A	11		internal	rna	U	U	RU	OP2	O2P
324	ATOM		A	11		internal	rna	U	U	RU	O5'	O5'
325	ATOM		A	11		internal	rna	U	U	RU	C5'	C5'
326	ATOM		A	11		internal	rna	U	U	RU	H5'	H5'
327	ATOM		A	11		internal	rna	U	U	RU	H5''	H5''
328	ATOM		A	11		internal	rna	U	U	RU	C4'	C4'
329	ATOM		A	11		internal	rna	U	U	RU	H4'	H4'
330	ATOM		A	11		internal	rna	U	U	RU	O4'	O4'
331	ATOM		A	11		internal	rna	U	U	RU	C1'	C1'
332	ATOM		A	11		internal	rna	U	U	RU	H1'	H1'
333	ATOM		A	11		internal	rna	U	U	RU	N1	N1
334	ATOM		A	11		internal	rna	U	U	RU	C6	C6
335	ATOM		A	11		internal	rna	U	U	RU	H6	H6
336	ATOM		A	11		internal	rna	U	U	RU	C5	C5
337	ATOM		A	11		internal	rna	U	U	RU	H5	H5
338	ATOM		A	11		internal	rna	U	U	RU	C4	C4
339	ATOM		A	11		internal	rna	U	U	RU	O4	O4
340	ATOM		A	11		internal	rna	U	U	RU	N3	N3
341	ATOM		A	11		internal	rna	U	U	RU	H3	H3
342	ATOM		A	11		internal	rna	U	U	RU	C2	C2
343	ATOM		A	11		internal	rna	U	U	RU	O2	O2
344	ATOM		A	11		internal	rna	U	U	RU	C3'	C3'
345	ATOM		A	11		internal	rna	U	U	RU	H3'	H3'
346	ATOM		A	11		internal	rna	U	U	RU	C2'	C2'
347	ATOM		A	11		internal	rna	U	U	RU	H2'	H2''
348	ATOM		A	11		internal	rna	U	U	RU	O2'	O2'
349	ATOM		A	11		internal	rna	U	U	RU	HO2'	H2'
350	ATOM		A	11		internal	rna	U	U	RU	O3'	O3'
351	ATOM		A	12		internal	rna	G	G	RG	P	P
352	ATOM		A	12		internal	rna	G	G	RG	OP1	O1P
353	ATOM		A	12		internal	rna	G	G	RG	OP2	O2P
354	ATOM		A	12		internal	rna	G	G	RG	O5'	O5'
355	ATOM		A	12		internal	rna	G	G	RG	C5'	C5'
356	ATOM		A	12		internal	rna	G	G	RG	H5'	H5'
357	ATOM		A	12		internal	rna	G	G	RG	H5''	H5''
358	ATOM		A	12		internal	rna	G	G	RG	C4'	C4'
359	ATOM		A	12		internal	rna	G	G	RG	H4'	H4'
360	ATOM		A	12		internal	rna	G	G	RG	O4'	O4'
361	ATOM		A	12		internal	rna	G	G	RG	C1'	C1'
362	ATOM		A	12		internal	rna	G	G	RG	H1'	H1'
363	ATOM		A	12		internal	rna	G	G	RG	N9	N9
364	ATOM		A	12		internal	rna	G	G	RG	C8	C8
365	ATOM		A	12		internal	rna	G	G	RG	H8	H8
366	ATOM		A	12		internal	rna	G	G	RG	N7	N7
367	ATOM		A	12		internal	rna	G	G	RG	C5	C5
368	ATOM		A	12		internal	rna	G	G	RG	C6	C6
369	ATOM		A	12		internal	rna	G	G	RG	O6	O6
370	ATOM		A	12		internal	rna	G	G	RG	N1	N1
371	ATOM		A	12		internal	rna	G	G	RG	H1	H1
372	ATOM		A	12		internal	rna	G	G	RG	C2	C2
373	ATOM		A	12		internal	rna	G	G	RG	N2	N2
374	ATOM		A	12		internal	rna	G	G	RG	H21	H21
375	ATOM		A	12		internal	rna	G	G	RG	H22	H22
376	ATOM		A	12		internal	rna	G	G	RG	N3	N3
377	ATOM		A	12		internal	rna	G	G	RG	C4	C4
378	ATOM		A	12		internal	rna	G	G	RG	C3'	C3'
379	ATOM		A	12		internal	rna	G	G	RG	H3'	H3'
380	ATOM		A	12		internal	rna	G	G	RG	C2'	C2'
381	ATOM		A	12		internal	rna	G	G	RG	H2'	H2''
382	ATOM		A	12		internal	rna	G	G	RG	O2'	O2'
383	ATOM		A	12		internal	rna	G	G	RG	HO2'	H2'
384	ATOM		A	12		internal	rna	G	G	RG	O3'	O3'
385	ATOM		A	13		internal	rna	C	C	RC	P	P
386	ATOM		A	13		internal	rna	C	C	RC	OP1	O1P
387	ATOM		A	13		internal	rna	C	C	RC	OP2	O2P
388	ATOM		A	13		internal	rna	C	C	RC	O5'	O5'
389	ATOM		A	13		internal	rna	C	C	RC	C5'	C5'
390	ATOM		A	13		internal	rna	C	C	RC	H5'	H5'
391	ATOM		A	13		internal	rna	C	C	RC	H5''	H5''
392	ATOM		A	13		internal	rna	C	C	RC	C4'	C4'
393	ATOM		A	13		internal	rna	C	C	RC	H4'	H4'
394	ATOM		A	13		internal	rna	C	C	RC	O4'	O4'
395	ATOM		A	13		internal	rna	C	C	RC	C1'	C1'
396	ATOM		A	13		internal	rna	C	C	RC	H1'	H1'
397	ATOM		A	13		internal	rna	C	C	RC	N1	N1
398	ATOM		A	13		internal	rna	C	C	RC	C6	C6
399	ATOM		A	13		internal	rna	C	C	RC	H6	H6
400	ATOM		A	13		internal	rna	C	C	RC	C5	C5
401	ATOM		A	13		internal	rna	C	C	RC	H5	H5
402	ATOM		A	13		internal	rna	C	C	RC	C4	C4
403	ATOM		A	13		internal	rna	C	C	RC	N4	N4
404	ATOM		A	13		internal	rna	C	C	RC	H41	H41
405	ATOM		A	13		internal	rna	C	C	RC	H42	H42
406	ATOM		A	13		internal	rna	C	C	RC	N3	N3
407	ATOM		A	13		internal	rna	C	C	RC	C2	C2
408	ATOM		A	13		internal	rna	C	C	RC	O2	O2
409	ATOM		A	13		internal	rna	C	C	RC	C3'	C3'
410	ATOM		A	13		internal	rna	C	C	RC	H3'	H3'
411	ATOM		A	13		internal	rna	C	C	RC	C2'	C2'
412	ATOM		A	13		internal	rna	C	C	RC	H2'	H2''
413	ATOM		A	13		internal	rna	C	C	RC	O2'	O2'
414	ATOM		A	13		internal	rna	C	C	RC	HO2'	H2'
415	ATOM		A	13		internal	rna	C	C	RC	O3'	O3'
416	ATOM		A	14		last	rna	C	C3	RC3	P	P
417	ATOM		A	14		last	rna	C	C3	RC3	OP1	O1P
418	ATOM		A	14		last	rna	C	C3	RC3	OP2	O2P
419	ATOM		A	14		last	rna	C	C3	RC3	O5'	O5'
420	ATOM		A	14		last	rna	C	C3	RC3	C5'	C5'
421	ATOM		A	14		last	rna	C	C3	RC3	H5'	H5'
422	ATOM		A	14		last	rna	C	C3	RC3	H5''	H5''
423	ATOM		A	14		last	rna	C	C3	RC3	C4'	C4'
424	ATOM		A	14		last	rna	C	C3	RC3	H4'	H4'
425	ATOM		A	14		last	rna	C	C3	RC3	O4'	O4'
426	ATOM		A	14		last	rna	C	C3	RC3	C1'	C1'
427	ATOM		A	14		last	rna	C	C3	RC3	H1'	H1'
428	ATOM		A	14		last	rna	C	C3	RC3	N1	N1
429	ATOM		A	14		last	rna	C	C3	RC3	C6	C6
430	ATOM		A	14		last	rna	C	C3	RC3	H6	H6
431	ATOM		A	14		last	rna	C	C3	RC3	C5	C5
432	ATOM		A	14		last	rna	C	C3	RC3	H5	H5
433	ATOM		A	14		last	rna	C	C3	RC3	C4	C4
434	ATOM		A	14		last	rna	C	C3	RC3	N4	N4
435	ATOM		A	14		last	rna	C	C3	RC3	H41	H41
436	ATOM		A	14		last	rna	C	C3	RC3	H42	H42
437	ATOM		A	14		last	rna	C	C3	RC3	N3	N3
438	ATOM		A	14		last	rna	C	C3	RC3	C2	C2
439	ATOM		A	14		last	rna	C	C3	RC3	O2	O2
440	ATOM		A	14		last	rna	C	C3	RC3	C3'	C3'
441	ATOM		A	14		last	rna	C	C3	RC3	H3'	H3'
442	ATOM		A	14		last	rna	C	C3	RC3	C2'	C2'
443	ATOM		A	14		last	rna	C	C3	RC3	H2'	H2''
444	ATOM		A	14		last	rna	C	C3	RC3	O2'	O2'
445	ATOM		A	14		last	rna	C	C3	RC3	HO2'	H2'
446	ATOM		A	14		last	rna	C	C3	RC3	O3'	O3'
447	ATOM		A	14		last	rna	C	C3	RC3	HO3'	HO3'
