amber_index	amber_name	mosaics_chain	mosaics_resid	mosaics_name	expected_amber_base	base_match
1	DG	A	1	DG	DG	True
2	DA	A	2	DA	DA	True
3	DG	A	3	DG	DG	True
4	DA	A	4	DA	DA	True
5	DG	A	5	DG	DG	True
6	DG	A	6	DG	DG	True
7	DA	A	7	DA	DA	True
8	DA	A	8	DA	DA	True
9	DG	A	9	DG	DG	True
10	DA	A	10	DA	DA	True
11	DG	A	11	DG	DG	True
12	DA	A	12	DA	DA	True
13	DA	A	13	DA	DA	True
14	U	B	14	RU	U	True
15	U	B	15	RU	U	True
16	C	B	16	RC	C	True
17	U	B	17	RU	U	True
18	C	B	18	RC	C	True
19	U	B	19	RU	U	True
20	U	B	20	RU	U	True
21	C	B	21	RC	C	True
22	C	B	22	RC	C	True
23	U	B	23	RU	U	True
24	C	B	24	RC	C	True
25	U	B	25	RU	U	True
26	C	B	26	RC	C	True
